{"logreg_4class_benthcover_01nm": {"wavelengths": [430, 431, 432, 433, 434, 435, 436, 437, 438, 439, 440, 441, 442, 443, 444, 445, 446, 447, 448, 449, 450, 451, 452, 453, 454, 455, 456, 457, 458, 459, 460, 461, 462, 463, 464, 465, 466, 467, 468, 469, 470, 471, 472, 473, 474, 475, 476, 477, 478, 479, 480, 481, 482, 483, 484, 485, 486, 487, 488, 489, 490, 491, 492, 493, 494, 495, 496, 497, 498, 499, 500, 501, 502, 503, 504, 505, 506, 507, 508, 509, 510, 511, 512, 513, 514, 515, 516, 517, 518, 519, 520, 521, 522, 523, 524, 525, 526, 527, 528, 529, 530, 531, 532, 533, 534, 535, 536, 537, 538, 539, 540, 541, 542, 543, 544, 545, 546, 547, 548, 549, 550, 551, 552, 553, 554, 555, 556, 557, 558, 559, 560, 561, 562, 563, 564, 565, 566, 567, 568, 569, 570, 571, 572, 573, 574, 575, 576, 577, 578, 579, 580, 581, 582, 583, 584, 585, 586, 587, 588, 589, 590, 591, 592, 593, 594, 595, 596, 597, 598, 599, 600, 601, 602, 603, 604, 605, 606, 607, 608, 609, 610, 611, 612, 613, 614, 615, 616, 617, 618, 619, 620, 621, 622, 623, 624, 625, 626, 627, 628, 629, 630, 631, 632, 633, 634, 635, 636, 637, 638, 639, 640, 641, 642, 643, 644, 645, 646, 647, 648, 649, 650, 651, 652, 653, 654, 655, 656, 657, 658, 659, 660, 661, 662, 663, 664, 665, 666, 667, 668, 669, 670], "accuracy_mean": 0.9431668823310627, "accuracy_min": 0.9431668823310627, "accuracy_max": 0.9431668823310627}, "logreg_4class_benthcover_02nm": {"wavelengths": [430, 432, 434, 436, 438, 440, 442, 444, 446, 448, 450, 452, 454, 456, 458, 460, 462, 464, 466, 468, 470, 472, 474, 476, 478, 480, 482, 484, 486, 488, 490, 492, 494, 496, 498, 500, 502, 504, 506, 508, 510, 512, 514, 516, 518, 520, 522, 524, 526, 528, 530, 532, 534, 536, 538, 540, 542, 544, 546, 548, 550, 552, 554, 556, 558, 560, 562, 564, 566, 568, 570, 572, 574, 576, 578, 580, 582, 584, 586, 588, 590, 592, 594, 596, 598, 600, 602, 604, 606, 608, 610, 612, 614, 616, 618, 620, 622, 624, 626, 628, 630, 632, 634, 636, 638, 640, 642, 644, 646, 648, 650, 652, 654, 656, 658, 660, 662, 664, 666, 668, 670], "accuracy_mean": 0.9418245008044834, "accuracy_min": 0.9397692102991433, "accuracy_max": 0.9438797913098235}, "logreg_4class_benthcover_03nm": {"wavelengths": [430, 433, 436, 439, 442, 445, 448, 451, 454, 457, 460, 463, 466, 469, 472, 475, 478, 481, 484, 487, 490, 493, 496, 499, 502, 505, 508, 511, 514, 517, 520, 523, 526, 529, 532, 535, 538, 541, 544, 547, 550, 553, 556, 559, 562, 565, 568, 571, 574, 577, 580, 583, 586, 589, 592, 595, 598, 601, 604, 607, 610, 613, 616, 619, 622, 625, 628, 631, 634, 637, 640, 643, 646, 649, 652, 655, 658, 661, 664, 667, 670], "accuracy_mean": 0.9399532035623247, "accuracy_min": 0.9384813901497205, "accuracy_max": 0.940817238619793}, "logreg_4class_benthcover_04nm": {"wavelengths": [430, 434, 438, 442, 446, 450, 454, 458, 462, 466, 470, 474, 478, 482, 486, 490, 494, 498, 502, 506, 510, 514, 518, 522, 526, 530, 534, 538, 542, 546, 550, 554, 558, 562, 566, 570, 574, 578, 582, 586, 590, 594, 598, 602, 606, 610, 614, 618, 622, 626, 630, 634, 638, 642, 646, 650, 654, 658, 662, 666, 670], "accuracy_mean": 0.9384902297219292, "accuracy_min": 0.9347407062805366, "accuracy_max": 0.9408582243647828}, "logreg_4class_benthcover_05nm": {"wavelengths": [430, 435, 440, 445, 450, 455, 460, 465, 470, 475, 480, 485, 490, 495, 500, 505, 510, 515, 520, 525, 530, 535, 540, 545, 550, 555, 560, 565, 570, 575, 580, 585, 590, 595, 600, 605, 610, 615, 620, 625, 630, 635, 640, 645, 650, 655, 660, 665, 670], "accuracy_mean": 0.9366436740068537, "accuracy_min": 0.9338893405067686, "accuracy_max": 0.9379994261387962}, "logreg_4class_benthcover_06nm": {"wavelengths": [430, 436, 442, 448, 454, 460, 466, 472, 478, 484, 490, 496, 502, 508, 514, 520, 526, 532, 538, 544, 550, 556, 562, 568, 574, 580, 586, 592, 598, 604, 610, 616, 622, 628, 634, 640, 646, 652, 658, 664, 670], "accuracy_mean": 0.9341948156204135, "accuracy_min": 0.9273307471784458, "accuracy_max": 0.9384527258951889}, "logreg_4class_benthcover_07nm": {"wavelengths": [430, 437, 444, 451, 458, 465, 472, 479, 486, 493, 500, 507, 514, 521, 528, 535, 542, 549, 556, 563, 570, 577, 584, 591, 598, 605, 612, 619, 626, 633, 640, 647, 654, 661, 668], "accuracy_mean": 0.9335478288758498, "accuracy_min": 0.9294716297278439, "accuracy_max": 0.9355534156842102}, "logreg_4class_benthcover_08nm": {"wavelengths": [430, 438, 446, 454, 462, 470, 478, 486, 494, 502, 510, 518, 526, 534, 542, 550, 558, 566, 574, 582, 590, 598, 606, 614, 622, 630, 638, 646, 654, 662, 670], "accuracy_mean": 0.931033148702617, "accuracy_min": 0.9249242866573951, "accuracy_max": 0.9378034760837242}, "logreg_4class_benthcover_09nm": {"wavelengths": [430, 439, 448, 457, 466, 475, 484, 493, 502, 511, 520, 529, 538, 547, 556, 565, 574, 583, 592, 601, 610, 619, 628, 637, 646, 655, 664], "accuracy_mean": 0.9283993368654557, "accuracy_min": 0.9171383681606246, "accuracy_max": 0.9336610806388433}, "logreg_4class_benthcover_10nm": {"wavelengths": [430, 440, 450, 460, 470, 480, 490, 500, 510, 520, 530, 540, 550, 560, 570, 580, 590, 600, 610, 620, 630, 640, 650, 660, 670], "accuracy_mean": 0.9257555925003349, "accuracy_min": 0.919631225165395, "accuracy_max": 0.9312164449216761}, "logreg_4class_benthcover_11nm": {"wavelengths": [430, 441, 452, 463, 474, 485, 496, 507, 518, 529, 540, 551, 562, 573, 584, 595, 606, 617, 628, 639, 650, 661], "accuracy_mean": 0.922119336424437, "accuracy_min": 0.916632508669975, "accuracy_max": 0.9286824359928835}, "logreg_4class_benthcover_12nm": {"wavelengths": [430, 442, 454, 466, 478, 490, 502, 514, 526, 538, 550, 562, 574, 586, 598, 610, 622, 634, 646, 658, 670], "accuracy_mean": 0.9184634840526917, "accuracy_min": 0.915186229541691, "accuracy_max": 0.9226175803529684}, "logreg_4class_benthcover_13nm": {"wavelengths": [430, 443, 456, 469, 482, 495, 508, 521, 534, 547, 560, 573, 586, 599, 612, 625, 638, 651, 664], "accuracy_mean": 0.9141270631711582, "accuracy_min": 0.9074891813708206, "accuracy_max": 0.9187439750925679}, "logreg_4class_benthcover_14nm": {"wavelengths": [430, 444, 458, 472, 486, 500, 514, 528, 542, 556, 570, 584, 598, 612, 626, 640, 654, 668], "accuracy_mean": 0.9134926573094438, "accuracy_min": 0.9029595285598291, "accuracy_max": 0.9222988142034678}, "logreg_4class_benthcover_15nm": {"wavelengths": [430, 445, 460, 475, 490, 505, 520, 535, 550, 565, 580, 595, 610, 625, 640, 655, 670], "accuracy_mean": 0.9105823351171632, "accuracy_min": 0.9039193891504613, "accuracy_max": 0.9168418558989282}, "logreg_4class_benthcover_16nm": {"wavelengths": [430, 446, 462, 478, 494, 510, 526, 542, 558, 574, 590, 606, 622, 638, 654, 670], "accuracy_mean": 0.9073814323499483, "accuracy_min": 0.9017282888975171, "accuracy_max": 0.9134864535709545}, "logreg_4class_benthcover_17nm": {"wavelengths": [430, 447, 464, 481, 498, 515, 532, 549, 566, 583, 600, 617, 634, 651, 668], "accuracy_mean": 0.9061925434297086, "accuracy_min": 0.8987077940140864, "accuracy_max": 0.9131096788374788}, "logreg_4class_benthcover_18nm": {"wavelengths": [430, 448, 466, 484, 502, 520, 538, 556, 574, 592, 610, 628, 646, 664], "accuracy_mean": 0.9047255509082102, "accuracy_min": 0.8959197989969759, "accuracy_max": 0.9142929205870518}, "logreg_4class_benthcover_19nm": {"wavelengths": [430, 449, 468, 487, 506, 525, 544, 563, 582, 601, 620, 639, 658], "accuracy_mean": 0.9032703551208879, "accuracy_min": 0.8965145154137317, "accuracy_max": 0.912523328458974}, "logreg_4class_benthcover_20nm": {"wavelengths": [430, 450, 470, 490, 510, 530, 550, 570, 590, 610, 630, 650, 670], "accuracy_mean": 0.8997655088530422, "accuracy_min": 0.8913611223478488, "accuracy_max": 0.9073974247814721}, "logreg_4class_benthcover_21nm": {"wavelengths": [430, 451, 472, 493, 514, 535, 556, 577, 598, 619, 640, 661], "accuracy_mean": 0.8988576752203908, "accuracy_min": 0.8853472407282377, "accuracy_max": 0.9178124039428095}, "logreg_4class_benthcover_22nm": {"wavelengths": [430, 452, 474, 496, 518, 540, 562, 584, 606, 628, 650], "accuracy_mean": 0.8925327652442118,